IDEA,REPOSITORIO
aasa1401,https://github.com/ArtashesAA/API_RESTFUL_ARTASHES.git
ebenval904,
pbersan536,https://github.com/BerSanPablo/Api_VgReviews.git
pcaljim1503,https://github.com/PabloCalvo03/FilmStar.git
dcaspor1110,https://github.com/dcp04/MangaHub.git
mcisarr228,https://github.com/carcisa/PlanificadorRutas.git
ccublor527,https://github.com/CarlosCubas96/Entrega-Final-spring-boot-rest-api-ccl
mescver493,https://github.com/MarEscVer/DWESE-ProyectoFinal.git
rferguz3003,https://github.com/RicardoFgX/miRedSocial.git
fgallep,https://github.com/FerGalisteo/Proyecto_SpringBoot_ApiRest.git
jgammen2509,https://github.com/JavierGamezMendoza/tracer-backend-springboot.git
jgarrod1602,https://github.com/javigar322/MoviesServidor.git
agarsan1001,https://github.com/Abelgs716/ApiCaramelos.git
ahidoli832,https://github.com/Albertoho09/decsecBackendDaw.git
rmartor2104,https://github.com/martor2104/ServidorProject.git
pmersot1605, 
amunlozb,https://github.com/amunlozb/stocks-servidor.git
aperinf1507,https://github.com/Alvaro-Perez-Infante/ClothInfs_Servidor.git
dperser837,https://github.com/Dani-Ps/apirestful
jpinnav0110,https://github.com/javipintado3/ProyectoApiServidor.git
mrodgut974,https://github.com/ManuelRdrguez/Api_final_agenda_citas.git
arodmol584,https://github.com/alvrichh/BreakBeat-Shop.git
csanrom1702,https://github.com/Crolyx16/TaeMoi.git
isevmor1601, https://github.com/ismaelsevidanes/API_Plantas_.git
atelvaz2301,https://github.com/adritell/API-SERVIDOR-VIDEOJUEGOS.git
jvazesp,https://github.com/Jvazesp2002/API-REST-Jvazesp
